{
  "sample_rate": 16000,
  "voices": [
    {
      "name": "Unkn0wnDo3s",
      "embedding": [
        -0.9759592413902283,
        0.08719400316476822,
        0.026213321834802628,
        0.0050017875619232655,
        0.007360935676842928,
        -0.013302668929100037,
        -0.01986958459019661,
        -0.0034613297320902348,
        -0.004213765263557434,
        -0.0067181894555687904,
        -0.0017249641241505742,
        0.006012535188347101,
        0.001924892421811819,
        -0.0024205101653933525,
        0.0024008387699723244,
        0.005463532637804747,
        0.002787715522572398,
        -0.004359963349997997,
        0.0026153442449867725,
        0.00043026707135140896,
        0.15441837906837463,
        0.10146171599626541,
        0.03775504231452942,
        0.022207040339708328,
        0.018079310655593872,
        0.019425490871071815,
        0.022435441613197327,
        0.011625601910054684,
        0.010413623414933681,
        0.012633495964109898,
        0.009450430981814861,
        0.00935819186270237,
        0.007513238117098808,
        0.007407459896057844,
        0.007619660813361406,
        0.009115194901823997,
        0.007544507272541523,
        0.009484261274337769,
        0.008626675233244896,
        0.007085209246724844
      ],
      "sample_rate": 16000,
      "sample_count": 17,
      "metadata": null
    },
    {
      "name": "Speaker_1",
      "embedding": [
        -0.9052143096923828,
        0.2744502127170563,
        0.053931280970573425,
        -0.0010845139622688293,
        -0.00012415384117048234,
        -0.023622587323188782,
        -0.02906741574406624,
        -0.005085048731416464,
        -0.003260162891820073,
        -0.009086974896490574,
        -0.0022788378410041332,
        0.025482144206762314,
        0.01036674901843071,
        -0.011134914122521877,
        0.00356717174872756,
        0.019628243520855904,
        0.004272161982953548,
        -0.009295012801885605,
        0.0031919372268021107,
        -0.002170695224776864,
        0.23222585022449493,
        0.17275258898735046,
        0.07935401052236557,
        0.04632804915308952,
        0.034596748650074005,
        0.029687710106372833,
        0.027563199400901794,
        0.02633010596036911,
        0.0227144043892622,
        0.022972065955400467,
        0.020985176786780357,
        0.021915800869464874,
        0.016965435817837715,
        0.020136266946792603,
        0.013502727262675762,
        0.015994209796190262,
        0.012287303805351257,
        0.013169256038963795,
        0.011720391921699047,
        0.011156955733895302
      ],
      "sample_rate": 16000,
      "sample_count": 1,
      "metadata": null
    },
    {
      "name": "Speaker_2",
      "embedding": [
        -0.9057008028030396,
        0.2747269570827484,
        0.08604405075311661,
        0.031654827296733856,
        0.029539402574300766,
        -0.026524676010012627,
        -0.05553228408098221,
        -0.01266528945416212,
        -0.01976899988949299,
        -0.03004678525030613,
        -0.013481453992426395,
        0.016849985346198082,
        -0.004107784014195204,
        -0.015625424683094025,
        0.011048555374145508,
        0.02400490641593933,
        0.003972234204411507,
        -0.010972526855766773,
        0.005418627522885799,
        -0.004547856282442808,
        0.2024042010307312,
        0.16985544562339783,
        0.07516373693943024,
        0.0593106672167778,
        0.039255816489458084,
        0.03175462782382965,
        0.03679528459906578,
        0.026004299521446228,
        0.024683961644768715,
        0.02720974199473858,
        0.026212051510810852,
        0.020027898252010345,
        0.017013397067785263,
        0.01942628249526024,
        0.018204951658844948,
        0.01874806173145771,
        0.01351142581552267,
        0.013599589467048645,
        0.013700068928301334,
        0.013871881179511547
      ],
      "sample_rate": 16000,
      "sample_count": 2,
      "metadata": null
    },
    {
      "name": "Speaker_3",
      "embedding": [
        -0.9108512997627258,
        0.24349018931388855,
        0.050168100744485855,
        0.017068862915039062,
        0.03452816233038902,
        -0.021177059039473534,
        -0.04692808538675308,
        -0.004211700987070799,
        -0.012454129755496979,
        -0.023412885144352913,
        -0.006844859570264816,
        0.011035607196390629,
        -0.001679935841821134,
        -0.009026451036334038,
        0.004987481981515884,
        0.012574276886880398,
        0.009374571032822132,
        -0.011374501511454582,
        0.005678138229995966,
        -0.0030344065744429827,
        0.24202491343021393,
        0.17227500677108765,
        0.06829246133565903,
        0.049521319568157196,
        0.035928040742874146,
        0.026866523548960686,
        0.03437693789601326,
        0.02333437092602253,
        0.022012146189808846,
        0.025535643100738525,
        0.024979697540402412,
        0.01790793426334858,
        0.01755380444228649,
        0.017783062532544136,
        0.013558903709053993,
        0.016054537147283554,
        0.01351773738861084,
        0.014320268295705318,
        0.014163651503622532,
        0.012257227674126625
      ],
      "sample_rate": 16000,
      "sample_count": 1,
      "metadata": null
    }
  ]
}